Operation,Time_Seconds,Memory_MB,Records_Processed,Records_Per_Second
parse_metadata,0.0637066670024069,0.78125,0,0.0
parse_records_1000,0.022127999996882863,1.359375,612,27657.266815175863
genotype_analysis,0.052784667001105845,1.0320520401000977,500,9472.447746795957
info_parsing,0.023603749999892898,1.0561208724975586,500,21183.074723392205
format_mapping,0.0250757089961553,0.9654312133789062,500,19939.615668560433
