Operation,Time_Seconds,Memory_MB,Records_Processed,Records_Per_Second
parse_metadata,0.08375787499244325,1.125,0,0.0
parse_records_1000,0.021879624997382052,1.484375,612,27971.228943513757
genotype_analysis,0.052354750005179085,1.1324234008789062,500,9550.231830932982
info_parsing,0.023911332988063805,1.0967950820922852,500,20910.58663478079
format_mapping,0.025108834001002833,1.1207923889160156,500,19913.310191147477
