Operation,Time_Seconds,Memory_MB,Records_Processed,Records_Per_Second
parse_metadata,0.06635708300746046,0.8125,0,0.0
parse_records_1000,0.02205629099626094,1.109375,612,27747.185603588037
genotype_analysis,0.053019915998447686,1.0320520401000977,500,9430.418562236857
info_parsing,0.024067124992143363,1.0561208724975586,500,20775.227625369604
format_mapping,0.025225667006452568,0.9654312133789062,500,19821.08143551182
